{
  "AA6B9D3C-B738-4E84-AA0D-F20A10936D35" : {
    "cameraTransform" : [
      -0.84070771932601929,
      1.8659042311242047e-08,
      -0.5414891242980957,
      0,
      -0.17948681116104126,
      0.9434661865234375,
      0.27866834402084351,
      0,
      0.51087665557861328,
      0.33146890997886658,
      -0.79317933320999146,
      0,
      0.48877459764480591,
      0.45342090725898743,
      -0.76015877723693848,
      1
    ],
    "objectMetadataList" : [
      [
        "AA6B9D3C-B738-4E84-AA0D-F20A10936D35",
        "Root"
      ],
      {
        "isExpanded" : true,
        "isLocked" : false
      },
      [
        "AA6B9D3C-B738-4E84-AA0D-F20A10936D35",
        "Root",
        "Cheeseburger"
      ],
      {
        "isExpanded" : true,
        "isLocked" : false
      }
    ]
  }
}